{"assets/images/background/border.png":["assets/images/background/border.png"],"assets/images/background/null.jpg":["assets/images/background/null.jpg"],"assets/images/background/vent.jpg":["assets/images/background/vent.jpg"],"assets/images/icons/Chair.png":["assets/images/icons/Chair.png"],"assets/images/icons/Esprit.png":["assets/images/icons/Esprit.png"],"assets/images/icons/Essence.png":["assets/images/icons/Essence.png"],"assets/images/icons/Lux.png":["assets/images/icons/Lux.png"],"assets/images/icons/Secunda.png":["assets/images/icons/Secunda.png"],"assets/images/icons/Umbra.png":["assets/images/icons/Umbra.png"],"assets/images/portraits/Viktor.png":["assets/images/portraits/Viktor.png"],"assets/images/portraits/null.png":["assets/images/portraits/null.png"],"configs/app_config_dev.json":["configs/app_config_dev.json"],"fonts/FontIconCharacter.ttf":["fonts/FontIconCharacter.ttf"],"fonts/FontIconDice.ttf":["fonts/FontIconDice.ttf"],"fonts/FontIconFight.ttf":["fonts/FontIconFight.ttf"],"fonts/FontIconSpell.ttf":["fonts/FontIconSpell.ttf"],"packages/cupertino_icons/assets/CupertinoIcons.ttf":["packages/cupertino_icons/assets/CupertinoIcons.ttf"]}