[{"family":"MaterialIcons","fonts":[{"asset":"fonts/MaterialIcons-Regular.otf"}]},{"family":"FontIconDice","fonts":[{"asset":"fonts/FontIconDice.ttf"}]},{"family":"FontIconCharacter","fonts":[{"asset":"fonts/FontIconCharacter.ttf"}]},{"family":"FontIconSpell","fonts":[{"asset":"fonts/FontIconSpell.ttf"}]},{"family":"FontIconFight","fonts":[{"asset":"fonts/FontIconFight.ttf"}]},{"family":"packages/cupertino_icons/CupertinoIcons","fonts":[{"asset":"packages/cupertino_icons/assets/CupertinoIcons.ttf"}]}]